{
  "source_years": [
    2019,
    2024
  ],
  "level_mfs": {
    "low": [
      0.0,
      0.0,
      2.752766570963968,
      6.373822599130448
    ],
    "medium": [
      2.752766570963968,
      6.373822599130448,
      8.061628063264852,
      11.054203347398769
    ],
    "high": [
      8.061628063264852,
      11.054203347398769,
      27.337566542936017,
      100.0
    ]
  },
  "trend_mfs": {
    "falling": [
      -100.0,
      -4.247463415808443,
      -2.4797161365929314,
      -0.7119688573774194
    ],
    "stable": [
      -4.247463415808443,
      -2.4797161365929314,
      1.0557784218380923,
      2.823525701053604
    ],
    "rising": [
      -0.7119688573774194,
      1.0557784218380923,
      2.823525701053604,
      100.0
    ]
  }
}
